,keywords,total kemunculan,tf,idf,tf_idf
632,an,336,0.022840051662021618,-5.817111159963204,-0.13286311941728207
453,as,204,0.013867174223370268,-5.318119993844216,-0.07374729649542656
606,at,193,0.013119434436815989,-5.262690188904886,-0.0690435188946124
511,in,181,0.012303718306029502,-5.198497031265826,-0.06396084308742536
237,er,138,0.009380735504044592,-4.927253685157205,-0.04622126358178875
268,da,122,0.008293113996329277,-4.804021044733257,-0.03984029416473777
269,li,101,0.006865610767452926,-4.61512051684126,-0.03168562111351827
2,st,98,0.0066616817347563044,-4.584967478670572,-0.030543594107111417
583,un,98,0.0066616817347563044,-4.584967478670572,-0.030543594107111417
58,asi,89,0.00604989463666644,-4.48863636973214,-0.027155777099188393
240,is,85,0.0057779892597376115,-4.442651256490317,-0.025669591244760856
416,di,83,0.005642036571273197,-4.418840607796598,-0.024931260311815487
262,pe,82,0.00557406022704099,-4.406719247264253,-0.024563318487911684
446,or,73,0.004962273128951125,-4.290459441148391,-0.02129043159566532
108,it,71,0.004826320440486711,-4.2626798770413155,-0.02057305902181588
734,ata,69,0.004690367752022296,-4.23410650459726,-0.01985951660779083
442,gan,61,0.004146556998164639,-4.110873864173311,-0.017045972790059954
421,sa,57,0.00387465162123581,-4.04305126783455,-0.015665415149654638
154,ram,52,0.003534769900074774,-3.951243718581427,-0.01396673736430115
254,data,51,0.003466793555842567,-3.9318256327243257,-0.013630827766225316
733,to,50,0.0033988172116103596,-3.912023005428146,-0.01329625112306487
169,gram,48,0.0032628645231459453,-3.871201010907891,-0.012631204440458078
477,pr,46,0.003126911834681531,-3.828641396489095,-0.011971824093433375
729,pro,41,0.002787030113520495,-3.713572066704308,-0.010349837178633445
722,adu,40,0.0027190537692882875,-3.6888794541139363,-0.01003026158415862
689,nggan,39,0.0026510774250560806,-3.6635616461296463,-0.009712385575355599
117,ke,39,0.0026510774250560806,-3.6635616461296463,-0.009712385575355599
92,are,39,0.0026510774250560806,-3.6635616461296463,-0.009712385575355599
646,lam,38,0.002583101080823873,-3.6375861597263857,-0.009396252740779189
385,langgan,37,0.0025151247365916662,-3.6109179126442243,-0.009081908963893433
688,be,35,0.002379172048127252,-3.5553480614894135,-0.008458784729259023
378,sistem,31,0.002107266671198423,-3.4339872044851463,-0.007236326785333392
196,the,29,0.0019713139827340085,-3.367295829986474,-0.006637997353654255
37,lama,28,0.0019033376385018013,-3.332204510175204,-0.006342310263401924
156,hal,28,0.0019033376385018013,-3.332204510175204,-0.006342310263401924
434,pln,28,0.0019033376385018013,-3.332204510175204,-0.006342310263401924
116,guna,27,0.0018353612942695941,-3.295836866004329,-0.006049051416091148
405,aplikas,26,0.001767384950037387,-3.258096538021482,-0.005758310787068081
391,up,25,0.0016994086058051798,-3.2188758248682006,-0.005470185277799267
591,uji,25,0.0016994086058051798,-3.2188758248682006,-0.005470185277799267
331,aplikasi,25,0.0016994086058051798,-3.2188758248682006,-0.005470185277799267
528,pt,24,0.0016314322615729726,-3.1780538303479458,-0.005184779547845198
400,halaman,24,0.0016314322615729726,-3.1780538303479458,-0.005184779547845198
284,ser,24,0.0016314322615729726,-3.1780538303479458,-0.005184779547845198
615,for,23,0.0015634559173407655,-3.1354942159291497,-0.004902206985682173
71,has,23,0.0015634559173407655,-3.1354942159291497,-0.004902206985682173
180,tel,23,0.0015634559173407655,-3.1354942159291497,-0.004902206985682173
543,id,23,0.0015634559173407655,-3.1354942159291497,-0.004902206985682173
228,informa,22,0.0014954795731085583,-3.0910424533583156,-0.004622590848608724
508,use,21,0.0014275032288763511,-3.044522437723423,-0.004346065610236686
280,no,21,0.0014275032288763511,-3.044522437723423,-0.004346065610236686
389,gambar,21,0.0014275032288763511,-3.044522437723423,-0.004346065610236686
16,program,20,0.0013595268846441438,-2.995732273553991,-0.004072778565092775
635,kel,20,0.0013595268846441438,-2.995732273553991,-0.004072778565092775
582,diag,20,0.0013595268846441438,-2.995732273553991,-0.004072778565092775
600,ic,20,0.0013595268846441438,-2.995732273553991,-0.004072778565092775
694,diagram,19,0.0012915505404119366,-2.9444389791664407,-0.0038028917547523874
118,and,19,0.0012915505404119366,-2.9444389791664407,-0.0038028917547523874
350,asa,18,0.0012235741961797294,-2.890371757896165,-0.0035365843003283917
149,complaint,17,0.0011555978519475223,-2.833213344056216,-0.0032740552545004195
272,informasi,16,0.001087621507715315,-2.772588722239781,-0.00301552712635691
522,iv,16,0.001087621507715315,-2.772588722239781,-0.00301552712635691
303,of,16,0.001087621507715315,-2.772588722239781,-0.00301552712635691
222,tampil,15,0.001019645163483108,-2.70805020110221,-0.0027612502900233264
647,parepare,15,0.001019645163483108,-2.70805020110221,-0.0027612502900233264
129,log,15,0.001019645163483108,-2.70805020110221,-0.0027612502900233264
415,case,15,0.001019645163483108,-2.70805020110221,-0.0027612502900233264
301,ada,15,0.001019645163483108,-2.70805020110221,-0.0027612502900233264
264,tugas,14,0.0009516688192509006,-2.639057329615259,-0.0025115085728103885
436,cara,14,0.0009516688192509006,-2.639057329615259,-0.0025115085728103885
246,bas,14,0.0009516688192509006,-2.639057329615259,-0.0025115085728103885
215,persero,14,0.0009516688192509006,-2.639057329615259,-0.0025115085728103885
136,bua,14,0.0009516688192509006,-2.639057329615259,-0.0025115085728103885
4,lapor,14,0.0009516688192509006,-2.639057329615259,-0.0025115085728103885
671,box,14,0.0009516688192509006,-2.639057329615259,-0.0025115085728103885
80,web,14,0.0009516688192509006,-2.639057329615259,-0.0025115085728103885
653,keluh,13,0.0008836924750186935,-2.5649493574615367,-0.002266626445992793
194,teliti,13,0.0008836924750186935,-2.5649493574615367,-0.002266626445992793
375,varchar,13,0.0008836924750186935,-2.5649493574615367,-0.002266626445992793
207,mer,13,0.0008836924750186935,-2.5649493574615367,-0.002266626445992793
466,dan,13,0.0008836924750186935,-2.5649493574615367,-0.002266626445992793
620,pangsid,12,0.0008157161307864863,-2.4849066497880004,-0.002026978437730678
607,metode,12,0.0008157161307864863,-2.4849066497880004,-0.002026978437730678
424,layan,12,0.0008157161307864863,-2.4849066497880004,-0.002026978437730678
674,ini,12,0.0008157161307864863,-2.4849066497880004,-0.002026978437730678
413,ulp,12,0.0008157161307864863,-2.4849066497880004,-0.002026978437730678
271,proses,11,0.0007477397865542792,-2.3978952727983707,-0.0017930016994617687
326,admin,11,0.0007477397865542792,-2.3978952727983707,-0.0017930016994617687
90,tes,11,0.0007477397865542792,-2.3978952727983707,-0.0017930016994617687
33,salah,11,0.0007477397865542792,-2.3978952727983707,-0.0017930016994617687
193,perangk,11,0.0007477397865542792,-2.3978952727983707,-0.0017930016994617687
29,can,10,0.0006797634423220719,-2.3025850929940455,-0.0015652131690531202
713,custo,10,0.0006797634423220719,-2.3025850929940455,-0.0015652131690531202
63,perangkat,10,0.0006797634423220719,-2.3025850929940455,-0.0015652131690531202
41,jadi,10,0.0006797634423220719,-2.3025850929940455,-0.0015652131690531202
95,hasil,10,0.0006797634423220719,-2.3025850929940455,-0.0015652131690531202
338,buat,10,0.0006797634423220719,-2.3025850929940455,-0.0015652131690531202
320,test,10,0.0006797634423220719,-2.3025850929940455,-0.0015652131690531202
642,laku,10,0.0006797634423220719,-2.3025850929940455,-0.0015652131690531202
184,kan,10,0.0006797634423220719,-2.3025850929940455,-0.0015652131690531202
122,fer,9,0.0006117870980898647,-2.1972245773362196,-0.0013442336480202553
253,kumpul,9,0.0006117870980898647,-2.1972245773362196,-0.0013442336480202553
9,so,9,0.0006117870980898647,-2.1972245773362196,-0.0013442336480202553
318,peng,9,0.0006117870980898647,-2.1972245773362196,-0.0013442336480202553
447,tabel,9,0.0006117870980898647,-2.1972245773362196,-0.0013442336480202553
251,jurnal,9,0.0006117870980898647,-2.1972245773362196,-0.0013442336480202553
211,langsung,9,0.0006117870980898647,-2.1972245773362196,-0.0013442336480202553
622,lunak,9,0.0006117870980898647,-2.1972245773362196,-0.0013442336480202553
499,dapat,9,0.0006117870980898647,-2.1972245773362196,-0.0013442336480202553
177,bah,9,0.0006117870980898647,-2.1972245773362196,-0.0013442336480202553
164,custom,9,0.0006117870980898647,-2.1972245773362196,-0.0013442336480202553
146,tangan,9,0.0006117870980898647,-2.1972245773362196,-0.0013442336480202553
218,jelas,9,0.0006117870980898647,-2.1972245773362196,-0.0013442336480202553
731,isi,9,0.0006117870980898647,-2.1972245773362196,-0.0013442336480202553
506,hr,9,0.0006117870980898647,-2.1972245773362196,-0.0013442336480202553
208,customer,8,0.0005438107538576575,-2.0794415416798357,-0.0011308226723838412
18,alan,8,0.0005438107538576575,-2.0794415416798357,-0.0011308226723838412
325,dengan,8,0.0005438107538576575,-2.0794415416798357,-0.0011308226723838412
709,giawan,8,0.0005438107538576575,-2.0794415416798357,-0.0011308226723838412
12,complaints,8,0.0005438107538576575,-2.0794415416798357,-0.0011308226723838412
402,that,8,0.0005438107538576575,-2.0794415416798357,-0.0011308226723838412
683,black,8,0.0005438107538576575,-2.0794415416798357,-0.0011308226723838412
261,dua,8,0.0005438107538576575,-2.0794415416798357,-0.0011308226723838412
473,tika,8,0.0005438107538576575,-2.0794415416798357,-0.0011308226723838412
270,saleh,8,0.0005438107538576575,-2.0794415416798357,-0.0011308226723838412
567,equence,7,0.0004758344096254503,-1.9459101490553135,-0.0009259310069599071
241,jalan,7,0.0004758344096254503,-1.9459101490553135,-0.0009259310069599071
152,cc,7,0.0004758344096254503,-1.9459101490553135,-0.0009259310069599071
556,logika,7,0.0004758344096254503,-1.9459101490553135,-0.0009259310069599071
576,vol,7,0.0004758344096254503,-1.9459101490553135,-0.0009259310069599071
530,ahmad,7,0.0004758344096254503,-1.9459101490553135,-0.0009259310069599071
67,yang,7,0.0004758344096254503,-1.9459101490553135,-0.0009259310069599071
74,yogyakarta,7,0.0004758344096254503,-1.9459101490553135,-0.0009259310069599071
75,umen,7,0.0004758344096254503,-1.9459101490553135,-0.0009259310069599071
423,oleh,7,0.0004758344096254503,-1.9459101490553135,-0.0009259310069599071
667,trik,7,0.0004758344096254503,-1.9459101490553135,-0.0009259310069599071
79,chat,7,0.0004758344096254503,-1.9459101490553135,-0.0009259310069599071
536,ph,7,0.0004758344096254503,-1.9459101490553135,-0.0009259310069599071
627,activity,7,0.0004758344096254503,-1.9459101490553135,-0.0009259310069599071
96,testing,7,0.0004758344096254503,-1.9459101490553135,-0.0009259310069599071
299,asal,7,0.0004758344096254503,-1.9459101490553135,-0.0009259310069599071
373,tahap,7,0.0004758344096254503,-1.9459101490553135,-0.0009259310069599071
362,ndo,7,0.0004758344096254503,-1.9459101490553135,-0.0009259310069599071
614,esuai,7,0.0004758344096254503,-1.9459101490553135,-0.0009259310069599071
555,butuh,6,0.00040785806539324316,-1.791759469228055,-0.0007307835507693787
28,sequence,6,0.00040785806539324316,-1.791759469228055,-0.0007307835507693787
178,ancang,6,0.00040785806539324316,-1.791759469228055,-0.0007307835507693787
316,bahas,6,0.00040785806539324316,-1.791759469228055,-0.0007307835507693787
165,name,6,0.00040785806539324316,-1.791759469228055,-0.0007307835507693787
682,pengadua,6,0.00040785806539324316,-1.791759469228055,-0.0007307835507693787
56,masalah,6,0.00040785806539324316,-1.791759469228055,-0.0007307835507693787
672,pela,6,0.00040785806539324316,-1.791759469228055,-0.0007307835507693787
558,spesifikasi,6,0.00040785806539324316,-1.791759469228055,-0.0007307835507693787
339,media,6,0.00040785806539324316,-1.791759469228055,-0.0007307835507693787
295,system,6,0.00040785806539324316,-1.791759469228055,-0.0007307835507693787
57,ikut,6,0.00040785806539324316,-1.791759469228055,-0.0007307835507693787
659,live,6,0.00040785806539324316,-1.791759469228055,-0.0007307835507693787
457,tulis,6,0.00040785806539324316,-1.791759469228055,-0.0007307835507693787
419,white,6,0.00040785806539324316,-1.791759469228055,-0.0007307835507693787
589,pemrograman,6,0.00040785806539324316,-1.791759469228055,-0.0007307835507693787
605,listrik,6,0.00040785806539324316,-1.791759469228055,-0.0007307835507693787
725,input,6,0.00040785806539324316,-1.791759469228055,-0.0007307835507693787
634,atur,6,0.00040785806539324316,-1.791759469228055,-0.0007307835507693787
458,ade,6,0.00040785806539324316,-1.791759469228055,-0.0007307835507693787
637,manual,6,0.00040785806539324316,-1.791759469228055,-0.0007307835507693787
630,untu,6,0.00040785806539324316,-1.791759469228055,-0.0007307835507693787
656,sesuai,6,0.00040785806539324316,-1.791759469228055,-0.0007307835507693787
651,with,6,0.00040785806539324316,-1.791759469228055,-0.0007307835507693787
451,kerja,5,0.00033988172116103594,-1.6094379124341003,-0.0005470185277799267
319,selao,5,0.00033988172116103594,-1.6094379124341003,-0.0005470185277799267
282,suatu,5,0.00033988172116103594,-1.6094379124341003,-0.0005470185277799267
334,ication,5,0.00033988172116103594,-1.6094379124341003,-0.0005470185277799267
302,jakarta,5,0.00033988172116103594,-1.6094379124341003,-0.0005470185277799267
497,research,5,0.00033988172116103594,-1.6094379124341003,-0.0005470185277799267
430,adapun,5,0.00033988172116103594,-1.6094379124341003,-0.0005470185277799267
409,utama,5,0.00033988172116103594,-1.6094379124341003,-0.0005470185277799267
475,sintaks,5,0.00033988172116103594,-1.6094379124341003,-0.0005470185277799267
285,sehingga,5,0.00033988172116103594,-1.6094379124341003,-0.0005470185277799267
414,upa,5,0.00033988172116103594,-1.6094379124341003,-0.0005470185277799267
227,dalam,5,0.00033988172116103594,-1.6094379124341003,-0.0005470185277799267
490,dokumen,5,0.00033988172116103594,-1.6094379124341003,-0.0005470185277799267
365,fungsi,5,0.00033988172116103594,-1.6094379124341003,-0.0005470185277799267
501,untuk,5,0.00033988172116103594,-1.6094379124341003,-0.0005470185277799267
467,informatika,5,0.00033988172116103594,-1.6094379124341003,-0.0005470185277799267
174,bang,5,0.00033988172116103594,-1.6094379124341003,-0.0005470185277799267
155,beri,5,0.00033988172116103594,-1.6094379124341003,-0.0005470185277799267
82,amat,5,0.00033988172116103594,-1.6094379124341003,-0.0005470185277799267
143,appl,5,0.00033988172116103594,-1.6094379124341003,-0.0005470185277799267
715,hastuty,5,0.00033988172116103594,-1.6094379124341003,-0.0005470185277799267
690,dasar,4,0.00027190537692882877,-1.3862943611198906,-0.0003769408907946137
571,akibat,4,0.00027190537692882877,-1.3862943611198906,-0.0003769408907946137
147,nama,4,0.00027190537692882877,-1.3862943611198906,-0.0003769408907946137
610,online,4,0.00027190537692882877,-1.3862943611198906,-0.0003769408907946137
676,by,4,0.00027190537692882877,-1.3862943611198906,-0.0003769408907946137
232,telp,4,0.00027190537692882877,-1.3862943611198906,-0.0003769408907946137
673,masyarakat,4,0.00027190537692882877,-1.3862943611198906,-0.0003769408907946137
140,bagai,4,0.00027190537692882877,-1.3862943611198906,-0.0003769408907946137
407,usaha,4,0.00027190537692882877,-1.3862943611198906,-0.0003769408907946137
577,adalah,4,0.00027190537692882877,-1.3862943611198906,-0.0003769408907946137
61,type,4,0.00027190537692882877,-1.3862943611198906,-0.0003769408907946137
438,application,4,0.00027190537692882877,-1.3862943611198906,-0.0003769408907946137
594,artikel,4,0.00027190537692882877,-1.3862943611198906,-0.0003769408907946137
128,process,4,0.00027190537692882877,-1.3862943611198906,-0.0003769408907946137
660,atas,4,0.00027190537692882877,-1.3862943611198906,-0.0003769408907946137
126,belum,4,0.00027190537692882877,-1.3862943611198906,-0.0003769408907946137
456,puas,4,0.00027190537692882877,-1.3862943611198906,-0.0003769408907946137
68,bangun,4,0.00027190537692882877,-1.3862943611198906,-0.0003769408907946137
596,cepat,4,0.00027190537692882877,-1.3862943611198906,-0.0003769408907946137
649,result,4,0.00027190537692882877,-1.3862943611198906,-0.0003769408907946137
119,mysql,4,0.00027190537692882877,-1.3862943611198906,-0.0003769408907946137
604,user,4,0.00027190537692882877,-1.3862943611198906,-0.0003769408907946137
640,teknik,4,0.00027190537692882877,-1.3862943611198906,-0.0003769408907946137
181,report,4,0.00027190537692882877,-1.3862943611198906,-0.0003769408907946137
618,dashboard,4,0.00027190537692882877,-1.3862943611198906,-0.0003769408907946137
496,laksana,4,0.00027190537692882877,-1.3862943611198906,-0.0003769408907946137
663,one,4,0.00027190537692882877,-1.3862943611198906,-0.0003769408907946137
307,telah,4,0.00027190537692882877,-1.3862943611198906,-0.0003769408907946137
444,studi,4,0.00027190537692882877,-1.3862943611198906,-0.0003769408907946137
546,budi,4,0.00027190537692882877,-1.3862943611198906,-0.0003769408907946137
544,inci,4,0.00027190537692882877,-1.3862943611198906,-0.0003769408907946137
370,bandung,4,0.00027190537692882877,-1.3862943611198906,-0.0003769408907946137
714,respon,4,0.00027190537692882877,-1.3862943611198906,-0.0003769408907946137
513,januari,4,0.00027190537692882877,-1.3862943611198906,-0.0003769408907946137
163,jumlah,4,0.00027190537692882877,-1.3862943611198906,-0.0003769408907946137
341,desain,4,0.00027190537692882877,-1.3862943611198906,-0.0003769408907946137
526,php,4,0.00027190537692882877,-1.3862943611198906,-0.0003769408907946137
175,rupa,4,0.00027190537692882877,-1.3862943611198906,-0.0003769408907946137
500,fergiawan,4,0.00027190537692882877,-1.3862943611198906,-0.0003769408907946137
352,akun,4,0.00027190537692882877,-1.3862943611198906,-0.0003769408907946137
372,komputer,4,0.00027190537692882877,-1.3862943611198906,-0.0003769408907946137
345,using,4,0.00027190537692882877,-1.3862943611198906,-0.0003769408907946137
697,andi,4,0.00027190537692882877,-1.3862943611198906,-0.0003769408907946137
643,giat,3,0.00020392903269662158,-1.0986122886681098,-0.00022403894133670924
357,this,3,0.00020392903269662158,-1.0986122886681098,-0.00022403894133670924
730,bahasa,3,0.00020392903269662158,-1.0986122886681098,-0.00022403894133670924
356,komputi,3,0.00020392903269662158,-1.0986122886681098,-0.00022403894133670924
78,database,3,0.00020392903269662158,-1.0986122886681098,-0.00022403894133670924
335,alat,3,0.00020392903269662158,-1.0986122886681098,-0.00022403894133670924
354,lambat,3,0.00020392903269662158,-1.0986122886681098,-0.00022403894133670924
273,bebas,3,0.00020392903269662158,-1.0986122886681098,-0.00022403894133670924
645,waktu,3,0.00020392903269662158,-1.0986122886681098,-0.00022403894133670924
76,text,3,0.00020392903269662158,-1.0986122886681098,-0.00022403894133670924
64,daftar,3,0.00020392903269662158,-1.0986122886681098,-0.00022403894133670924
386,software,3,0.00020392903269662158,-1.0986122886681098,-0.00022403894133670924
363,lebih,3,0.00020392903269662158,-1.0986122886681098,-0.00022403894133670924
387,jenis,3,0.00020392903269662158,-1.0986122886681098,-0.00022403894133670924
321,flowgra,3,0.00020392903269662158,-1.0986122886681098,-0.00022403894133670924
687,alamat,3,0.00020392903269662158,-1.0986122886681098,-0.00022403894133670924
22,buah,3,0.00020392903269662158,-1.0986122886681098,-0.00022403894133670924
392,jquery,3,0.00020392903269662158,-1.0986122886681098,-0.00022403894133670924
686,from,3,0.00020392903269662158,-1.0986122886681098,-0.00022403894133670924
685,maupun,3,0.00020392903269662158,-1.0986122886681098,-0.00022403894133670924
43,milik,3,0.00020392903269662158,-1.0986122886681098,-0.00022403894133670924
324,atau,3,0.00020392903269662158,-1.0986122886681098,-0.00022403894133670924
675,bab,3,0.00020392903269662158,-1.0986122886681098,-0.00022403894133670924
17,lihat,3,0.00020392903269662158,-1.0986122886681098,-0.00022403894133670924
15,size,3,0.00020392903269662158,-1.0986122886681098,-0.00022403894133670924
51,study,3,0.00020392903269662158,-1.0986122886681098,-0.00022403894133670924
14,itu,3,0.00020392903269662158,-1.0986122886681098,-0.00022403894133670924
289,catat,3,0.00020392903269662158,-1.0986122886681098,-0.00022403894133670924
52,handling,3,0.00020392903269662158,-1.0986122886681098,-0.00022403894133670924
313,lapang,3,0.00020392903269662158,-1.0986122886681098,-0.00022403894133670924
727,kons,3,0.00020392903269662158,-1.0986122886681098,-0.00022403894133670924
332,kemudian,3,0.00020392903269662158,-1.0986122886681098,-0.00022403894133670924
348,sama,3,0.00020392903269662158,-1.0986122886681098,-0.00022403894133670924
110,tingkat,3,0.00020392903269662158,-1.0986122886681098,-0.00022403894133670924
142,customers,3,0.00020392903269662158,-1.0986122886681098,-0.00022403894133670924
483,literatur,3,0.00020392903269662158,-1.0986122886681098,-0.00022403894133670924
611,cari,3,0.00020392903269662158,-1.0986122886681098,-0.00022403894133670924
217,pada,3,0.00020392903269662158,-1.0986122886681098,-0.00022403894133670924
214,aktor,3,0.00020392903269662158,-1.0986122886681098,-0.00022403894133670924
561,code,3,0.00020392903269662158,-1.0986122886681098,-0.00022403894133670924
209,integrasi,3,0.00020392903269662158,-1.0986122886681098,-0.00022403894133670924
503,dari,3,0.00020392903269662158,-1.0986122886681098,-0.00022403894133670924
167,baik,3,0.00020392903269662158,-1.0986122886681098,-0.00022403894133670924
203,indonesia,3,0.00020392903269662158,-1.0986122886681098,-0.00022403894133670924
202,kode,3,0.00020392903269662158,-1.0986122886681098,-0.00022403894133670924
201,nila,3,0.00020392903269662158,-1.0986122886681098,-0.00022403894133670924
507,pelang,3,0.00020392903269662158,-1.0986122886681098,-0.00022403894133670924
199,implementasi,3,0.00020392903269662158,-1.0986122886681098,-0.00022403894133670924
170,download,3,0.00020392903269662158,-1.0986122886681098,-0.00022403894133670924
519,pustaka,3,0.00020392903269662158,-1.0986122886681098,-0.00022403894133670924
525,sedia,3,0.00020392903269662158,-1.0986122886681098,-0.00022403894133670924
471,rinci,3,0.00020392903269662158,-1.0986122886681098,-0.00022403894133670924
470,path,3,0.00020392903269662158,-1.0986122886681098,-0.00022403894133670924
485,rancang,3,0.00020392903269662158,-1.0986122886681098,-0.00022403894133670924
127,ganggu,3,0.00020392903269662158,-1.0986122886681098,-0.00022403894133670924
585,elex,3,0.00020392903269662158,-1.0986122886681098,-0.00022403894133670924
259,kantor,3,0.00020392903269662158,-1.0986122886681098,-0.00022403894133670924
450,observasi,3,0.00020392903269662158,-1.0986122886681098,-0.00022403894133670924
120,struktur,3,0.00020392903269662158,-1.0986122886681098,-0.00022403894133670924
256,wawancara,3,0.00020392903269662158,-1.0986122886681098,-0.00022403894133670924
248,analisis,3,0.00020392903269662158,-1.0986122886681098,-0.00022403894133670924
132,login,3,0.00020392903269662158,-1.0986122886681098,-0.00022403894133670924
112,para,3,0.00020392903269662158,-1.0986122886681098,-0.00022403894133670924
598,simpul,2,0.00013595268846441439,-0.6931471805599453,-9.423522269865343e-05
551,sebut,2,0.00013595268846441439,-0.6931471805599453,-9.423522269865343e-05
560,not,2,0.00013595268846441439,-0.6931471805599453,-9.423522269865343e-05
502,journal,2,0.00013595268846441439,-0.6931471805599453,-9.423522269865343e-05
371,pantau,2,0.00013595268846441439,-0.6931471805599453,-9.423522269865343e-05
602,found,2,0.00013595268846441439,-0.6931471805599453,-9.423522269865343e-05
455,programming,2,0.00013595268846441439,-0.6931471805599453,-9.423522269865343e-05
707,antar,2,0.00013595268846441439,-0.6931471805599453,-9.423522269865343e-05
553,akuntasi,2,0.00013595268846441439,-0.6931471805599453,-9.423522269865343e-05
664,flowgraph,2,0.00013595268846441439,-0.6931471805599453,-9.423522269865343e-05
641,penting,2,0.00013595268846441439,-0.6931471805599453,-9.423522269865343e-05
550,manfaat,2,0.00013595268846441439,-0.6931471805599453,-9.423522269865343e-05
728,telpon,2,0.00013595268846441439,-0.6931471805599453,-9.423522269865343e-05
509,provide,2,0.00013595268846441439,-0.6931471805599453,-9.423522269865343e-05
638,keras,2,0.00013595268846441439,-0.6931471805599453,-9.423522269865343e-05
732,office,2,0.00013595268846441439,-0.6931471805599453,-9.423522269865343e-05
547,output,2,0.00013595268846441439,-0.6931471805599453,-9.423522269865343e-05
624,lingkung,2,0.00013595268846441439,-0.6931471805599453,-9.423522269865343e-05
521,mudah,2,0.00013595268846441439,-0.6931471805599453,-9.423522269865343e-05
353,field,2,0.00013595268846441439,-0.6931471805599453,-9.423522269865343e-05
524,komputindo,2,0.00013595268846441439,-0.6931471805599453,-9.423522269865343e-05
351,darmajaya,2,0.00013595268846441439,-0.6931471805599453,-9.423522269865343e-05
448,buka,2,0.00013595268846441439,-0.6931471805599453,-9.423522269865343e-05
706,hadap,2,0.00013595268846441439,-0.6931471805599453,-9.423522269865343e-05
652,tuju,2,0.00013595268846441439,-0.6931471805599453,-9.423522269865343e-05
693,framework,2,0.00013595268846441439,-0.6931471805599453,-9.423522269865343e-05
668,perinci,2,0.00013595268846441439,-0.6931471805599453,-9.423522269865343e-05
581,css,2,0.00013595268846441439,-0.6931471805599453,-9.423522269865343e-05
411,bagi,2,0.00013595268846441439,-0.6931471805599453,-9.423522269865343e-05
460,independen,2,0.00013595268846441439,-0.6931471805599453,-9.423522269865343e-05
408,literature,2,0.00013595268846441439,-0.6931471805599453,-9.423522269865343e-05
472,usul,2,0.00013595268846441439,-0.6931471805599453,-9.423522269865343e-05
406,johan,2,0.00013595268846441439,-0.6931471805599453,-9.423522269865343e-05
476,make,2,0.00013595268846441439,-0.6931471805599453,-9.423522269865343e-05
404,cenderung,2,0.00013595268846441439,-0.6931471805599453,-9.423522269865343e-05
403,occur,2,0.00013595268846441439,-0.6931471805599453,-9.423522269865343e-05
482,kualitas,2,0.00013595268846441439,-0.6931471805599453,-9.423522269865343e-05
677,masing,2,0.00013595268846441439,-0.6931471805599453,-9.423522269865343e-05
698,codeigniter,2,0.00013595268846441439,-0.6931471805599453,-9.423522269865343e-05
680,integrated,2,0.00013595268846441439,-0.6931471805599453,-9.423522269865343e-05
573,kait,2,0.00013595268846441439,-0.6931471805599453,-9.423522269865343e-05
399,wahyudi,2,0.00013595268846441439,-0.6931471805599453,-9.423522269865343e-05
658,adminpetugas,2,0.00013595268846441439,-0.6931471805599453,-9.423522269865343e-05
488,empat,2,0.00013595268846441439,-0.6931471805599453,-9.423522269865343e-05
493,gava,2,0.00013595268846441439,-0.6931471805599453,-9.423522269865343e-05
390,service,2,0.00013595268846441439,-0.6931471805599453,-9.423522269865343e-05
494,up3,2,0.00013595268846441439,-0.6931471805599453,-9.423522269865343e-05
566,operasi,2,0.00013595268846441439,-0.6931471805599453,-9.423522269865343e-05
420,balik,2,0.00013595268846441439,-0.6931471805599453,-9.423522269865343e-05
564,sulit,2,0.00013595268846441439,-0.6931471805599453,-9.423522269865343e-05
691,problem,2,0.00013595268846441439,-0.6931471805599453,-9.423522269865343e-05
692,pihak,2,0.00013595268846441439,-0.6931471805599453,-9.423522269865343e-05
575,oktober,2,0.00013595268846441439,-0.6931471805599453,-9.423522269865343e-05
542,was,2,0.00013595268846441439,-0.6931471805599453,-9.423522269865343e-05
0,universitas,2,0.00013595268846441439,-0.6931471805599453,-9.423522269865343e-05
347,ingin,2,0.00013595268846441439,-0.6931471805599453,-9.423522269865343e-05
161,penuh,2,0.00013595268846441439,-0.6931471805599453,-9.423522269865343e-05
168,gb,2,0.00013595268846441439,-0.6931471805599453,-9.423522269865343e-05
186,listing,2,0.00013595268846441439,-0.6931471805599453,-9.423522269865343e-05
192,kata,2,0.00013595268846441439,-0.6931471805599453,-9.423522269865343e-05
195,unit,2,0.00013595268846441439,-0.6931471805599453,-9.423522269865343e-05
197,olah,2,0.00013595268846441439,-0.6931471805599453,-9.423522269865343e-05
198,ii,2,0.00013595268846441439,-0.6931471805599453,-9.423522269865343e-05
213,bahwa,2,0.00013595268846441439,-0.6931471805599453,-9.423522269865343e-05
220,kondisi,2,0.00013595268846441439,-0.6931471805599453,-9.423522269865343e-05
157,ogrammer,2,0.00013595268846441439,-0.6931471805599453,-9.423522269865343e-05
223,buku,2,0.00013595268846441439,-0.6931471805599453,-9.423522269865343e-05
229,json,2,0.00013595268846441439,-0.6931471805599453,-9.423522269865343e-05
230,urai,2,0.00013595268846441439,-0.6931471805599453,-9.423522269865343e-05
231,cetak,2,0.00013595268846441439,-0.6931471805599453,-9.423522269865343e-05
234,rekayasa,2,0.00013595268846441439,-0.6931471805599453,-9.423522269865343e-05
255,maka,2,0.00013595268846441439,-0.6931471805599453,-9.423522269865343e-05
265,fergiawanhrsaleh95gmailcom,2,0.00013595268846441439,-0.6931471805599453,-9.423522269865343e-05
283,lokasi,2,0.00013595268846441439,-0.6931471805599453,-9.423522269865343e-05
287,nyata,2,0.00013595268846441439,-0.6931471805599453,-9.423522269865343e-05
288,shalahuddin,2,0.00013595268846441439,-0.6931471805599453,-9.423522269865343e-05
225,salemba,2,0.00013595268846441439,-0.6931471805599453,-9.423522269865343e-05
150,javascript,2,0.00013595268846441439,-0.6931471805599453,-9.423522269865343e-05
138,pdf,2,0.00013595268846441439,-0.6931471805599453,-9.423522269865343e-05
125,kena,2,0.00013595268846441439,-0.6931471805599453,-9.423522269865343e-05
1,ajar,2,0.00013595268846441439,-0.6931471805599453,-9.423522269865343e-05
3,kota,2,0.00013595268846441439,-0.6931471805599453,-9.423522269865343e-05
13,datang,2,0.00013595268846441439,-0.6931471805599453,-9.423522269865343e-05
26,muhammadiyah,2,0.00013595268846441439,-0.6931471805599453,-9.423522269865343e-05
39,username,2,0.00013595268846441439,-0.6931471805599453,-9.423522269865343e-05
45,monitoring,2,0.00013595268846441439,-0.6931471805599453,-9.423522269865343e-05
46,nilai,2,0.00013595268846441439,-0.6931471805599453,-9.423522269865343e-05
47,seluruh,2,0.00013595268846441439,-0.6931471805599453,-9.423522269865343e-05
49,klien,2,0.00013595268846441439,-0.6931471805599453,-9.423522269865343e-05
54,agun,2,0.00013595268846441439,-0.6931471805599453,-9.423522269865343e-05
62,bentuk,2,0.00013595268846441439,-0.6931471805599453,-9.423522269865343e-05
70,mana,2,0.00013595268846441439,-0.6931471805599453,-9.423522269865343e-05
94,creat,2,0.00013595268846441439,-0.6931471805599453,-9.423522269865343e-05
97,ketika,2,0.00013595268846441439,-0.6931471805599453,-9.423522269865343e-05
100,hosting,2,0.00013595268846441439,-0.6931471805599453,-9.423522269865343e-05
106,objek,2,0.00013595268846441439,-0.6931471805599453,-9.423522269865343e-05
107,file,2,0.00013595268846441439,-0.6931471805599453,-9.423522269865343e-05
109,number,2,0.00013595268846441439,-0.6931471805599453,-9.423522269865343e-05
113,area,2,0.00013595268846441439,-0.6931471805599453,-9.423522269865343e-05
114,dokumentasi,2,0.00013595268846441439,-0.6931471805599453,-9.423522269865343e-05
123,rdasarkan,2,0.00013595268846441439,-0.6931471805599453,-9.423522269865343e-05
293,terap,2,0.00013595268846441439,-0.6931471805599453,-9.423522269865343e-05
304,iwan,2,0.00013595268846441439,-0.6931471805599453,-9.423522269865343e-05
367,results,2,0.00013595268846441439,-0.6931471805599453,-9.423522269865343e-05
322,terima,2,0.00013595268846441439,-0.6931471805599453,-9.423522269865343e-05
327,setiadi,2,0.00013595268846441439,-0.6931471805599453,-9.423522269865343e-05
340,semua,2,0.00013595268846441439,-0.6931471805599453,-9.423522269865343e-05
305,umum,1,6.797634423220719e-05,0.0,0.0
626,salur,1,6.797634423220719e-05,0.0,0.0
625,their,1,6.797634423220719e-05,0.0,0.0
101,aktifitas,1,6.797634423220719e-05,0.0,0.0
623,dreamweaver,1,6.797634423220719e-05,0.0,0.0
102,pakai,1,6.797634423220719e-05,0.0,0.0
621,accordance,1,6.797634423220719e-05,0.0,0.0
103,bekti,1,6.797634423220719e-05,0.0,0.0
619,pelatigan,1,6.797634423220719e-05,0.0,0.0
104,pandang,1,6.797634423220719e-05,0.0,0.0
617,tentu,1,6.797634423220719e-05,0.0,0.0
616,level,1,6.797634423220719e-05,0.0,0.0
105,percaya,1,6.797634423220719e-05,0.0,0.0
366,uhan,1,6.797634423220719e-05,0.0,0.0
613,complexity,1,6.797634423220719e-05,0.0,0.0
612,difficult,1,6.797634423220719e-05,0.0,0.0
330,boundary,1,6.797634423220719e-05,0.0,0.0
628,bisnis,1,6.797634423220719e-05,0.0,0.0
629,aims,1,6.797634423220719e-05,0.0,0.0
99,paham,1,6.797634423220719e-05,0.0,0.0
83,ip2700,1,6.797634423220719e-05,0.0,0.0
84,kala,1,6.797634423220719e-05,0.0,0.0
85,under,1,6.797634423220719e-05,0.0,0.0
644,porgramming,1,6.797634423220719e-05,0.0,0.0
86,tends,1,6.797634423220719e-05,0.0,0.0
87,erbaikan,1,6.797634423220719e-05,0.0,0.0
88,detail,1,6.797634423220719e-05,0.0,0.0
89,janji,1,6.797634423220719e-05,0.0,0.0
639,costumer,1,6.797634423220719e-05,0.0,0.0
91,raharjo,1,6.797634423220719e-05,0.0,0.0
93,science,1,6.797634423220719e-05,0.0,0.0
636,nasional,1,6.797634423220719e-05,0.0,0.0
333,doi,1,6.797634423220719e-05,0.0,0.0
364,bukti,1,6.797634423220719e-05,0.0,0.0
633,diri,1,6.797634423220719e-05,0.0,0.0
98,luddington,1,6.797634423220719e-05,0.0,0.0
631,komitmen,1,6.797634423220719e-05,0.0,0.0
329,analysis,1,6.797634423220719e-05,0.0,0.0
368,semarang,1,6.797634423220719e-05,0.0,0.0
609,halamat,1,6.797634423220719e-05,0.0,0.0
608,open,1,6.797634423220719e-05,0.0,0.0
134,mediumblob,1,6.797634423220719e-05,0.0,0.0
584,operator,1,6.797634423220719e-05,0.0,0.0
135,usernamepetugas,1,6.797634423220719e-05,0.0,0.0
137,klasifikasi,1,6.797634423220719e-05,0.0,0.0
580,pandu,1,6.797634423220719e-05,0.0,0.0
579,konfigurasi,1,6.797634423220719e-05,0.0,0.0
578,deepublish,1,6.797634423220719e-05,0.0,0.0
586,staff,1,6.797634423220719e-05,0.0,0.0
139,pegujian,1,6.797634423220719e-05,0.0,0.0
144,otodidak,1,6.797634423220719e-05,0.0,0.0
574,provides,1,6.797634423220719e-05,0.0,0.0
145,usage,1,6.797634423220719e-05,0.0,0.0
572,internet,1,6.797634423220719e-05,0.0,0.0
148,ialah,1,6.797634423220719e-05,0.0,0.0
570,convenience,1,6.797634423220719e-05,0.0,0.0
569,tunjuk,1,6.797634423220719e-05,0.0,0.0
141,function,1,6.797634423220719e-05,0.0,0.0
587,bulan,1,6.797634423220719e-05,0.0,0.0
588,technologia,1,6.797634423220719e-05,0.0,0.0
133,regarding,1,6.797634423220719e-05,0.0,0.0
111,ilmiah,1,6.797634423220719e-05,0.0,0.0
369,edukasi,1,6.797634423220719e-05,0.0,0.0
328,mustaqbal,1,6.797634423220719e-05,0.0,0.0
115,namely,1,6.797634423220719e-05,0.0,0.0
603,error,1,6.797634423220719e-05,0.0,0.0
121,sukses,1,6.797634423220719e-05,0.0,0.0
601,prima,1,6.797634423220719e-05,0.0,0.0
599,environment,1,6.797634423220719e-05,0.0,0.0
124,rosa,1,6.797634423220719e-05,0.0,0.0
597,mengkategorika,1,6.797634423220719e-05,0.0,0.0
323,used,1,6.797634423220719e-05,0.0,0.0
595,reporting,1,6.797634423220719e-05,0.0,0.0
130,officers,1,6.797634423220719e-05,0.0,0.0
593,ariani,1,6.797634423220719e-05,0.0,0.0
592,gerak,1,6.797634423220719e-05,0.0,0.0
131,wawancarainterview,1,6.797634423220719e-05,0.0,0.0
590,condition,1,6.797634423220719e-05,0.0,0.0
648,sidrap,1,6.797634423220719e-05,0.0,0.0
81,currently,1,6.797634423220719e-05,0.0,0.0
650,maksud,1,6.797634423220719e-05,0.0,0.0
77,satu,1,6.797634423220719e-05,0.0,0.0
711,globa,1,6.797634423220719e-05,0.0,0.0
710,homeinputdataedit,1,6.797634423220719e-05,0.0,0.0
21,irviani,1,6.797634423220719e-05,0.0,0.0
708,economics,1,6.797634423220719e-05,0.0,0.0
23,downloaded,1,6.797634423220719e-05,0.0,0.0
24,overview,1,6.797634423220719e-05,0.0,0.0
705,cyclometic,1,6.797634423220719e-05,0.0,0.0
704,takes,1,6.797634423220719e-05,0.0,0.0
703,easier,1,6.797634423220719e-05,0.0,0.0
702,region,1,6.797634423220719e-05,0.0,0.0
701,reviewer,1,6.797634423220719e-05,0.0,0.0
700,induk,1,6.797634423220719e-05,0.0,0.0
699,successfully,1,6.797634423220719e-05,0.0,0.0
25,tbluser,1,6.797634423220719e-05,0.0,0.0
342,madcoms,1,6.797634423220719e-05,0.0,0.0
696,erdasarkan,1,6.797634423220719e-05,0.0,0.0
695,blackbox,1,6.797634423220719e-05,0.0,0.0
712,firdaus,1,6.797634423220719e-05,0.0,0.0
27,development,1,6.797634423220719e-05,0.0,0.0
20,karena,1,6.797634423220719e-05,0.0,0.0
343,mengupload,1,6.797634423220719e-05,0.0,0.0
346,yani,1,6.797634423220719e-05,0.0,0.0
344,rencana,1,6.797634423220719e-05,0.0,0.0
5,redaksi,1,6.797634423220719e-05,0.0,0.0
6,investigasi,1,6.797634423220719e-05,0.0,0.0
7,masih,1,6.797634423220719e-05,0.0,0.0
8,supono,1,6.797634423220719e-05,0.0,0.0
726,led,1,6.797634423220719e-05,0.0,0.0
10,easy,1,6.797634423220719e-05,0.0,0.0
724,intel,1,6.797634423220719e-05,0.0,0.0
723,tanggung,1,6.797634423220719e-05,0.0,0.0
11,prepare,1,6.797634423220719e-05,0.0,0.0
721,inggris,1,6.797634423220719e-05,0.0,0.0
720,sutinah,1,6.797634423220719e-05,0.0,0.0
719,nnya,1,6.797634423220719e-05,0.0,0.0
718,efesien,1,6.797634423220719e-05,0.0,0.0
717,yaitu,1,6.797634423220719e-05,0.0,0.0
716,license,1,6.797634423220719e-05,0.0,0.0
19,harap,1,6.797634423220719e-05,0.0,0.0
568,layar,1,6.797634423220719e-05,0.0,0.0
30,tangkap,1,6.797634423220719e-05,0.0,0.0
32,obyektif,1,6.797634423220719e-05,0.0,0.0
55,solichin,1,6.797634423220719e-05,0.0,0.0
59,electricity,1,6.797634423220719e-05,0.0,0.0
666,september,1,6.797634423220719e-05,0.0,0.0
665,tim,1,6.797634423220719e-05,0.0,0.0
60,algoritma,1,6.797634423220719e-05,0.0,0.0
361,running,1,6.797634423220719e-05,0.0,0.0
662,zaki,1,6.797634423220719e-05,0.0,0.0
661,analisa,1,6.797634423220719e-05,0.0,0.0
65,ral,1,6.797634423220719e-05,0.0,0.0
66,recorded,1,6.797634423220719e-05,0.0,0.0
69,org1031850jsilogv1i,1,6.797634423220719e-05,0.0,0.0
657,after,1,6.797634423220719e-05,0.0,0.0
336,efektif,1,6.797634423220719e-05,0.0,0.0
655,tidak,1,6.797634423220719e-05,0.0,0.0
654,keywords,1,6.797634423220719e-05,0.0,0.0
72,memory,1,6.797634423220719e-05,0.0,0.0
73,databasenya,1,6.797634423220719e-05,0.0,0.0
669,website,1,6.797634423220719e-05,0.0,0.0
31,celeron,1,6.797634423220719e-05,0.0,0.0
670,daryanto,1,6.797634423220719e-05,0.0,0.0
53,jend,1,6.797634423220719e-05,0.0,0.0
34,terbit,1,6.797634423220719e-05,0.0,0.0
35,uatan,1,6.797634423220719e-05,0.0,0.0
36,peta,1,6.797634423220719e-05,0.0,0.0
38,still,1,6.797634423220719e-05,0.0,0.0
355,bell,1,6.797634423220719e-05,0.0,0.0
40,publik,1,6.797634423220719e-05,0.0,0.0
684,pengaruh,1,6.797634423220719e-05,0.0,0.0
42,jawab,1,6.797634423220719e-05,0.0,0.0
44,sedang,1,6.797634423220719e-05,0.0,0.0
681,siap,1,6.797634423220719e-05,0.0,0.0
679,inteview,1,6.797634423220719e-05,0.0,0.0
678,wahana,1,6.797634423220719e-05,0.0,0.0
337,n2830,1,6.797634423220719e-05,0.0,0.0
358,kaji,1,6.797634423220719e-05,0.0,0.0
48,aceh,1,6.797634423220719e-05,0.0,0.0
359,article,1,6.797634423220719e-05,0.0,0.0
50,tarik,1,6.797634423220719e-05,0.0,0.0
360,pegaduan,1,6.797634423220719e-05,0.0,0.0
374,pertama,1,6.797634423220719e-05,0.0,0.0
151,mobile,1,6.797634423220719e-05,0.0,0.0
565,kelompok,1,6.797634423220719e-05,0.0,0.0
244,foto,1,6.797634423220719e-05,0.0,0.0
245,webmaster,1,6.797634423220719e-05,0.0,0.0
247,due,1,6.797634423220719e-05,0.0,0.0
249,programmer,1,6.797634423220719e-05,0.0,0.0
454,varchat,1,6.797634423220719e-05,0.0,0.0
250,meminimalisir,1,6.797634423220719e-05,0.0,0.0
452,tindak,1,6.797634423220719e-05,0.0,0.0
252,penginputan,1,6.797634423220719e-05,0.0,0.0
308,harddisk,1,6.797634423220719e-05,0.0,0.0
449,logical,1,6.797634423220719e-05,0.0,0.0
257,akan,1,6.797634423220719e-05,0.0,0.0
258,pegumpulan,1,6.797634423220719e-05,0.0,0.0
260,masuk,1,6.797634423220719e-05,0.0,0.0
445,author,1,6.797634423220719e-05,0.0,0.0
263,anggaraeni,1,6.797634423220719e-05,0.0,0.0
443,declared,1,6.797634423220719e-05,0.0,0.0
306,email,1,6.797634423220719e-05,0.0,0.0
459,slow,1,6.797634423220719e-05,0.0,0.0
441,pangkajene,1,6.797634423220719e-05,0.0,0.0
243,revisi,1,6.797634423220719e-05,0.0,0.0
462,makes,1,6.797634423220719e-05,0.0,0.0
479,coping,1,6.797634423220719e-05,0.0,0.0
478,sepenuh,1,6.797634423220719e-05,0.0,0.0
388,complexcity,1,6.797634423220719e-05,0.0,0.0
310,referensi,1,6.797634423220719e-05,0.0,0.0
233,shalahudding,1,6.797634423220719e-05,0.0,0.0
474,applications,1,6.797634423220719e-05,0.0,0.0
309,workshop,1,6.797634423220719e-05,0.0,0.0
235,submitting,1,6.797634423220719e-05,0.0,0.0
236,flowgraphs,1,6.797634423220719e-05,0.0,0.0
238,independent,1,6.797634423220719e-05,0.0,0.0
469,produk,1,6.797634423220719e-05,0.0,0.0
468,idpelanggan,1,6.797634423220719e-05,0.0,0.0
239,verifikasi,1,6.797634423220719e-05,0.0,0.0
242,rahmadi,1,6.797634423220719e-05,0.0,0.0
465,antara,1,6.797634423220719e-05,0.0,0.0
464,konsumen,1,6.797634423220719e-05,0.0,0.0
463,digunak,1,6.797634423220719e-05,0.0,0.0
461,back,1,6.797634423220719e-05,0.0,0.0
480,korespondensi,1,6.797634423220719e-05,0.0,0.0
440,mulyadi,1,6.797634423220719e-05,0.0,0.0
266,putratama,1,6.797634423220719e-05,0.0,0.0
393,bijak,1,6.797634423220719e-05,0.0,0.0
286,kirim,1,6.797634423220719e-05,0.0,0.0
394,edge,1,6.797634423220719e-05,0.0,0.0
395,facilities,1,6.797634423220719e-05,0.0,0.0
412,selatan,1,6.797634423220719e-05,0.0,0.0
290,adobe,1,6.797634423220719e-05,0.0,0.0
410,canon,1,6.797634423220719e-05,0.0,0.0
291,tblpelanggan,1,6.797634423220719e-05,0.0,0.0
292,metodo,1,6.797634423220719e-05,0.0,0.0
396,will,1,6.797634423220719e-05,0.0,0.0
294,bagaimana,1,6.797634423220719e-05,0.0,0.0
296,windows,1,6.797634423220719e-05,0.0,0.0
297,lembaga,1,6.797634423220719e-05,0.0,0.0
298,riwayat,1,6.797634423220719e-05,0.0,0.0
300,konsistensi,1,6.797634423220719e-05,0.0,0.0
401,flowchart,1,6.797634423220719e-05,0.0,0.0
397,reports,1,6.797634423220719e-05,0.0,0.0
417,electrical,1,6.797634423220719e-05,0.0,0.0
439,history,1,6.797634423220719e-05,0.0,0.0
418,printed,1,6.797634423220719e-05,0.0,0.0
279,massepe,1,6.797634423220719e-05,0.0,0.0
437,smitdev,1,6.797634423220719e-05,0.0,0.0
267,ambil,1,6.797634423220719e-05,0.0,0.0
435,eksekusi,1,6.797634423220719e-05,0.0,0.0
274,google,1,6.797634423220719e-05,0.0,0.0
433,directly,1,6.797634423220719e-05,0.0,0.0
432,biografi,1,6.797634423220719e-05,0.0,0.0
431,kunci,1,6.797634423220719e-05,0.0,0.0
275,status,1,6.797634423220719e-05,0.0,0.0
429,uptodate,1,6.797634423220719e-05,0.0,0.0
428,same,1,6.797634423220719e-05,0.0,0.0
427,dahulu,1,6.797634423220719e-05,0.0,0.0
426,lanjut,1,6.797634423220719e-05,0.0,0.0
425,based,1,6.797634423220719e-05,0.0,0.0
276,banjarmasin,1,6.797634423220719e-05,0.0,0.0
277,studio,1,6.797634423220719e-05,0.0,0.0
422,purbadian,1,6.797634423220719e-05,0.0,0.0
278,bau,1,6.797634423220719e-05,0.0,0.0
281,akurat,1,6.797634423220719e-05,0.0,0.0
481,kuasa,1,6.797634423220719e-05,0.0,0.0
311,ukan,1,6.797634423220719e-05,0.0,0.0
226,abstrak,1,6.797634423220719e-05,0.0,0.0
176,longtext,1,6.797634423220719e-05,0.0,0.0
349,deskripsi,1,6.797634423220719e-05,0.0,0.0
541,occurs,1,6.797634423220719e-05,0.0,0.0
540,setyobudi,1,6.797634423220719e-05,0.0,0.0
539,susun,1,6.797634423220719e-05,0.0,0.0
538,mahasiswa,1,6.797634423220719e-05,0.0,0.0
537,all,1,6.797634423220719e-05,0.0,0.0
182,jeniskelamin,1,6.797634423220719e-05,0.0,0.0
535,seminar,1,6.797634423220719e-05,0.0,0.0
534,resulting,1,6.797634423220719e-05,0.0,0.0
533,access,1,6.797634423220719e-05,0.0,0.0
532,teknologi,1,6.797634423220719e-05,0.0,0.0
531,paths,1,6.797634423220719e-05,0.0,0.0
183,luhur,1,6.797634423220719e-05,0.0,0.0
529,free,1,6.797634423220719e-05,0.0,0.0
185,xampp,1,6.797634423220719e-05,0.0,0.0
527,because,1,6.797634423220719e-05,0.0,0.0
173,method,1,6.797634423220719e-05,0.0,0.0
315,community,1,6.797634423220719e-05,0.0,0.0
545,carametode,1,6.797634423220719e-05,0.0,0.0
171,lubis,1,6.797634423220719e-05,0.0,0.0
153,harus,1,6.797634423220719e-05,0.0,0.0
563,chrome,1,6.797634423220719e-05,0.0,0.0
562,iii,1,6.797634423220719e-05,0.0,0.0
317,didownload,1,6.797634423220719e-05,0.0,0.0
158,visual,1,6.797634423220719e-05,0.0,0.0
559,response,1,6.797634423220719e-05,0.0,0.0
159,selain,1,6.797634423220719e-05,0.0,0.0
557,accuracy,1,6.797634423220719e-05,0.0,0.0
160,pemb,1,6.797634423220719e-05,0.0,0.0
376,tblpengaduan,1,6.797634423220719e-05,0.0,0.0
554,algorithm,1,6.797634423220719e-05,0.0,0.0
162,km,1,6.797634423220719e-05,0.0,0.0
552,creation,1,6.797634423220719e-05,0.0,0.0
166,cs6,1,6.797634423220719e-05,0.0,0.0
377,value,1,6.797634423220719e-05,0.0,0.0
549,recording,1,6.797634423220719e-05,0.0,0.0
548,printer,1,6.797634423220719e-05,0.0,0.0
172,cakup,1,6.797634423220719e-05,0.0,0.0
187,pasword,1,6.797634423220719e-05,0.0,0.0
188,extreme,1,6.797634423220719e-05,0.0,0.0
523,sistematis,1,6.797634423220719e-05,0.0,0.0
212,issn,1,6.797634423220719e-05,0.0,0.0
383,abstract,1,6.797634423220719e-05,0.0,0.0
498,cyclomat,1,6.797634423220719e-05,0.0,0.0
216,syarat,1,6.797634423220719e-05,0.0,0.0
219,steinbart,1,6.797634423220719e-05,0.0,0.0
495,wilayah,1,6.797634423220719e-05,0.0,0.0
384,besar,1,6.797634423220719e-05,0.0,0.0
221,opini,1,6.797634423220719e-05,0.0,0.0
492,romney,1,6.797634423220719e-05,0.0,0.0
491,datahapus,1,6.797634423220719e-05,0.0,0.0
314,sudah,1,6.797634423220719e-05,0.0,0.0
489,trimahardhika,1,6.797634423220719e-05,0.0,0.0
224,model,1,6.797634423220719e-05,0.0,0.0
487,nodenya,1,6.797634423220719e-05,0.0,0.0
486,gabung,1,6.797634423220719e-05,0.0,0.0
312,enyiapkan,1,6.797634423220719e-05,0.0,0.0
484,tanya,1,6.797634423220719e-05,0.0,0.0
210,find,1,6.797634423220719e-05,0.0,0.0
206,survey,1,6.797634423220719e-05,0.0,0.0
205,ulawesi,1,6.797634423220719e-05,0.0,0.0
504,abdulloh,1,6.797634423220719e-05,0.0,0.0
189,laptop,1,6.797634423220719e-05,0.0,0.0
190,tinjau,1,6.797634423220719e-05,0.0,0.0
520,which,1,6.797634423220719e-05,0.0,0.0
191,toko,1,6.797634423220719e-05,0.0,0.0
518,mahir,1,6.797634423220719e-05,0.0,0.0
517,processor,1,6.797634423220719e-05,0.0,0.0
516,winarno,1,6.797634423220719e-05,0.0,0.0
515,komersial,1,6.797634423220719e-05,0.0,0.0
398,dilak,1,6.797634423220719e-05,0.0,0.0
514,erhadap,1,6.797634423220719e-05,0.0,0.0
512,risiko,1,6.797634423220719e-05,0.0,0.0
380,perintah,1,6.797634423220719e-05,0.0,0.0
510,orientasi,1,6.797634423220719e-05,0.0,0.0
381,computers,1,6.797634423220719e-05,0.0,0.0
382,sampai,1,6.797634423220719e-05,0.0,0.0
200,utilized,1,6.797634423220719e-05,0.0,0.0
204,speed,1,6.797634423220719e-05,0.0,0.0
505,objektif,1,6.797634423220719e-05,0.0,0.0
379,tiap,1,6.797634423220719e-05,0.0,0.0
179,coming,1,6.797634423220719e-05,0.0,0.0
